date,estimate_type,tenure,private_dwellings
31 Mar 1991,as at,total,1301700
30 Jun 1991,as at,total,1307000
30 Sep 1991,as at,total,1310700
31 Dec 1991,as at,total,1314500
31 Mar 1992,as at,total,1318600
30 Jun 1992,as at,total,1322900
30 Sep 1992,as at,total,1326600
31 Dec 1992,as at,total,1330600
31 Mar 1993,as at,total,1334500
30 Jun 1993,as at,total,1339000
30 Sep 1993,as at,total,1342800
31 Dec 1993,as at,total,1347000
31 Mar 1994,as at,total,1351500
30 Jun 1994,as at,total,1356000
30 Sep 1994,as at,total,1360400
31 Dec 1994,as at,total,1365400
31 Mar 1995,as at,total,1371100
30 Jun 1995,as at,total,1376900
30 Sep 1995,as at,total,1381900
31 Dec 1995,as at,total,1386500
31 Mar 1996,as at,total,1391200
30 Jun 1996,as at,total,1396800
30 Sep 1996,as at,total,1402500
31 Dec 1996,as at,total,1408600
31 Mar 1997,as at,total,1414100
30 Jun 1997,as at,total,1419900
30 Sep 1997,as at,total,1425200
31 Dec 1997,as at,total,1431500
31 Mar 1998,as at,total,1438700
30 Jun 1998,as at,total,1445300
30 Sep 1998,as at,total,1451100
31 Dec 1998,as at,total,1456000
31 Mar 1999,as at,total,1460900
30 Jun 1999,as at,total,1466300
30 Sep 1999,as at,total,1472100
31 Dec 1999,as at,total,1478900
31 Mar 2000,as at,total,1486600
30 Jun 2000,as at,total,1493000
30 Sep 2000,as at,total,1498300
31 Dec 2000,as at,total,1503400
31 Mar 2001,as at,total,1508600
30 Jun 2001,as at,total,1512800
30 Sep 2001,as at,total,1517000
31 Dec 2001,as at,total,1521800
31 Mar 2002,as at,total,1526800
30 Jun 2002,as at,total,1532000
30 Sep 2002,as at,total,1536900
31 Dec 2002,as at,total,1542800
31 Mar 2003,as at,total,1549600
30 Jun 2003,as at,total,1557400
30 Sep 2003,as at,total,1563300
31 Dec 2003,as at,total,1569900
31 Mar 2004,as at,total,1577700
30 Jun 2004,as at,total,1585300
30 Sep 2004,as at,total,1593000
31 Dec 2004,as at,total,1600900
31 Mar 2005,as at,total,1607400
30 Jun 2005,as at,total,1614600
30 Sep 2005,as at,total,1621200
31 Dec 2005,as at,total,1626500
31 Mar 2006,as at,total,1632600
30 Jun 2006,as at,total,1638400
30 Sep 2006,as at,total,1644000
31 Dec 2006,as at,total,1649200
31 Mar 2007,as at,total,1655400
30 Jun 2007,as at,total,1661100
30 Sep 2007,as at,total,1666500
31 Dec 2007,as at,total,1672400
31 Mar 2008,as at,total,1678200
30 Jun 2008,as at,total,1683500
30 Sep 2008,as at,total,1688000
31 Dec 2008,as at,total,1692700
31 Mar 2009,as at,total,1696600
30 Jun 2009,as at,total,1699600
30 Sep 2009,as at,total,1702200
31 Dec 2009,as at,total,1705100
31 Mar 2010,as at,total,1708500
30 Jun 2010,as at,total,1712200
30 Sep 2010,as at,total,1715600
31 Dec 2010,as at,total,1719300
31 Mar 2011,as at,total,1722700
30 Jun 2011,as at,total,1725900
30 Sep 2011,as at,total,1728400
31 Dec 2011,as at,total,1731100
31 Mar 2012,as at,total,1734500
30 Jun 2012,as at,total,1737800
30 Sep 2012,as at,total,1741200
31 Dec 2012,as at,total,1744600
31 Mar 2013,as at,total,1749400
30 Jun 2013,as at,total,1753300
30 Sep 2013,as at,total,1757000
31 Dec 2013,as at,total,1761400
31 Mar 2014,as at,total,1766000
30 Jun 2014,as at,total,1771100
30 Sep 2014,as at,total,1775700
31 Dec 2014,as at,total,1780800
31 Mar 2015,as at,total,1786100
30 Jun 2015,as at,total,1791800
30 Sep 2015,as at,total,1796600
31 Dec 2015,as at,total,1801900
31 Mar 2016,as at,total,1808000
30 Jun 2016,as at,total,1814500
30 Sep 2016,as at,total,1819800
31 Dec 2016,as at,total,1826200
31 Mar 2017,as at,total,1833100
30 Jun 2017,as at,total,1839600
30 Sep 2017,as at,total,1845400
31 Dec 2017,as at,total,1851600
31 Mar 2018,as at,total,1858200
30 Jun 2018,as at,total,1866100
30 Sep 2018,as at,total,1873300
31 Dec 2018,as at,total,1879900
31 Mar 2019,as at,total,1888100
30 Jun 2019,as at,total,1895700
30 Sep 2019,as at,total,1903400
31 Dec 2019,as at,total,1911400
31 Mar 2020,as at,total,1919800
30 Jun 2020,as at,total,1928900
30 Sep 2020,as at,total,1937600
31 Dec 2020,as at,total,1945600
31 Mar 2021,as at,total,1954000
30 Jun 2021,as at,total,1963200
30 Sep 2021,as at,total,1973500
31 Mar 1991,as at,owner_occupied,960300
30 Jun 1991,as at,owner_occupied,962100
30 Sep 1991,as at,owner_occupied,962700
31 Dec 1991,as at,owner_occupied,963500
31 Mar 1992,as at,owner_occupied,964500
30 Jun 1992,as at,owner_occupied,965500
30 Sep 1992,as at,owner_occupied,966100
31 Dec 1992,as at,owner_occupied,966900
31 Mar 1993,as at,owner_occupied,967700
30 Jun 1993,as at,owner_occupied,968900
30 Sep 1993,as at,owner_occupied,969500
31 Dec 1993,as at,owner_occupied,970400
31 Mar 1994,as at,owner_occupied,971600
30 Jun 1994,as at,owner_occupied,972700
30 Sep 1994,as at,owner_occupied,973700
31 Dec 1994,as at,owner_occupied,975200
31 Mar 1995,as at,owner_occupied,977100
30 Jun 1995,as at,owner_occupied,979100
30 Sep 1995,as at,owner_occupied,980400
31 Dec 1995,as at,owner_occupied,981500
31 Mar 1996,as at,owner_occupied,982700
30 Jun 1996,as at,owner_occupied,984700
30 Sep 1996,as at,owner_occupied,986700
31 Dec 1996,as at,owner_occupied,988900
31 Mar 1997,as at,owner_occupied,990800
30 Jun 1997,as at,owner_occupied,992900
30 Sep 1997,as at,owner_occupied,994500
31 Dec 1997,as at,owner_occupied,996800
31 Mar 1998,as at,owner_occupied,999900
30 Jun 1998,as at,owner_occupied,1002400
30 Sep 1998,as at,owner_occupied,1004300
31 Dec 1998,as at,owner_occupied,1005600
31 Mar 1999,as at,owner_occupied,1006900
30 Jun 1999,as at,owner_occupied,1008500
30 Sep 1999,as at,owner_occupied,1010400
31 Dec 1999,as at,owner_occupied,1013000
31 Mar 2000,as at,owner_occupied,1016100
30 Jun 2000,as at,owner_occupied,1018300
30 Sep 2000,as at,owner_occupied,1019800
31 Dec 2000,as at,owner_occupied,1021100
31 Mar 2001,as at,owner_occupied,1022900
30 Jun 2001,as at,owner_occupied,1025100
30 Sep 2001,as at,owner_occupied,1027200
31 Dec 2001,as at,owner_occupied,1029600
31 Mar 2002,as at,owner_occupied,1032300
30 Jun 2002,as at,owner_occupied,1035100
30 Sep 2002,as at,owner_occupied,1037700
31 Dec 2002,as at,owner_occupied,1040900
31 Mar 2003,as at,owner_occupied,1044800
30 Jun 2003,as at,owner_occupied,1049300
30 Sep 2003,as at,owner_occupied,1052500
31 Dec 2003,as at,owner_occupied,1056200
31 Mar 2004,as at,owner_occupied,1060700
30 Jun 2004,as at,owner_occupied,1065000
30 Sep 2004,as at,owner_occupied,1069400
31 Dec 2004,as at,owner_occupied,1074000
31 Mar 2005,as at,owner_occupied,1077600
30 Jun 2005,as at,owner_occupied,1081600
30 Sep 2005,as at,owner_occupied,1085300
31 Dec 2005,as at,owner_occupied,1088100
31 Mar 2006,as at,owner_occupied,1091200
30 Jun 2006,as at,owner_occupied,1093900
30 Sep 2006,as at,owner_occupied,1096400
31 Dec 2006,as at,owner_occupied,1098600
31 Mar 2007,as at,owner_occupied,1101500
30 Jun 2007,as at,owner_occupied,1104000
30 Sep 2007,as at,owner_occupied,1106400
31 Dec 2007,as at,owner_occupied,1109000
31 Mar 2008,as at,owner_occupied,1111600
30 Jun 2008,as at,owner_occupied,1113800
30 Sep 2008,as at,owner_occupied,1115500
31 Dec 2008,as at,owner_occupied,1117400
31 Mar 2009,as at,owner_occupied,1118600
30 Jun 2009,as at,owner_occupied,1119400
30 Sep 2009,as at,owner_occupied,1119800
31 Dec 2009,as at,owner_occupied,1120400
31 Mar 2010,as at,owner_occupied,1121300
30 Jun 2010,as at,owner_occupied,1122500
30 Sep 2010,as at,owner_occupied,1123500
31 Dec 2010,as at,owner_occupied,1124500
31 Mar 2011,as at,owner_occupied,1125500
30 Jun 2011,as at,owner_occupied,1126300
30 Sep 2011,as at,owner_occupied,1126600
31 Dec 2011,as at,owner_occupied,1127000
31 Mar 2012,as at,owner_occupied,1128000
30 Jun 2012,as at,owner_occupied,1128800
30 Sep 2012,as at,owner_occupied,1129700
31 Dec 2012,as at,owner_occupied,1130600
31 Mar 2013,as at,owner_occupied,1132700
30 Jun 2013,as at,owner_occupied,1135100
30 Sep 2013,as at,owner_occupied,1137200
31 Dec 2013,as at,owner_occupied,1139900
31 Mar 2014,as at,owner_occupied,1142700
30 Jun 2014,as at,owner_occupied,1145900
30 Sep 2014,as at,owner_occupied,1148600
31 Dec 2014,as at,owner_occupied,1151800
31 Mar 2015,as at,owner_occupied,1155000
30 Jun 2015,as at,owner_occupied,1158500
30 Sep 2015,as at,owner_occupied,1161400
31 Dec 2015,as at,owner_occupied,1164600
31 Mar 2016,as at,owner_occupied,1168400
30 Jun 2016,as at,owner_occupied,1172400
30 Sep 2016,as at,owner_occupied,1175600
31 Dec 2016,as at,owner_occupied,1179600
31 Mar 2017,as at,owner_occupied,1183800
30 Jun 2017,as at,owner_occupied,1187800
30 Sep 2017,as at,owner_occupied,1191400
31 Dec 2017,as at,owner_occupied,1195200
31 Mar 2018,as at,owner_occupied,1199300
30 Jun 2018,as at,owner_occupied,1204400
30 Sep 2018,as at,owner_occupied,1209100
31 Dec 2018,as at,owner_occupied,1213400
31 Mar 2019,as at,owner_occupied,1218600
30 Jun 2019,as at,owner_occupied,1223500
30 Sep 2019,as at,owner_occupied,1228500
31 Dec 2019,as at,owner_occupied,1233600
31 Mar 2020,as at,owner_occupied,1239100
30 Jun 2020,as at,owner_occupied,1245000
30 Sep 2020,as at,owner_occupied,1250600
31 Dec 2020,as at,owner_occupied,1255800
31 Mar 2021,as at,owner_occupied,1261200
30 Jun 2021,as at,owner_occupied,1267100
30 Sep 2021,as at,owner_occupied,1273800
31 Mar 1991,as at,rented,298500
30 Jun 1991,as at,rented,301300
30 Sep 1991,as at,rented,303700
31 Dec 1991,as at,rented,306300
31 Mar 1992,as at,rented,308800
30 Jun 1992,as at,rented,311400
30 Sep 1992,as at,rented,314000
31 Dec 1992,as at,rented,316500
31 Mar 1993,as at,rented,319100
30 Jun 1993,as at,rented,321800
30 Sep 1993,as at,rented,324400
31 Dec 1993,as at,rented,327100
31 Mar 1994,as at,rented,329800
30 Jun 1994,as at,rented,332600
30 Sep 1994,as at,rented,335300
31 Dec 1994,as at,rented,338300
31 Mar 1995,as at,rented,341300
30 Jun 1995,as at,rented,344500
30 Sep 1995,as at,rented,347400
31 Dec 1995,as at,rented,350300
31 Mar 1996,as at,rented,353400
30 Jun 1996,as at,rented,357400
30 Sep 1996,as at,rented,361500
31 Dec 1996,as at,rented,365700
31 Mar 1997,as at,rented,369700
30 Jun 1997,as at,rented,373800
30 Sep 1997,as at,rented,377900
31 Dec 1997,as at,rented,382200
31 Mar 1998,as at,rented,386800
30 Jun 1998,as at,rented,391200
30 Sep 1998,as at,rented,395500
31 Dec 1998,as at,rented,399600
31 Mar 1999,as at,rented,403600
30 Jun 1999,as at,rented,407800
30 Sep 1999,as at,rented,412100
31 Dec 1999,as at,rented,416800
31 Mar 2000,as at,rented,421700
30 Jun 2000,as at,rented,426300
30 Sep 2000,as at,rented,430600
31 Dec 2000,as at,rented,434900
31 Mar 2001,as at,rented,438300
30 Jun 2001,as at,rented,439400
30 Sep 2001,as at,rented,440500
31 Dec 2001,as at,rented,441700
31 Mar 2002,as at,rented,443000
30 Jun 2002,as at,rented,444400
30 Sep 2002,as at,rented,445700
31 Dec 2002,as at,rented,447200
31 Mar 2003,as at,rented,449100
30 Jun 2003,as at,rented,451200
30 Sep 2003,as at,rented,452800
31 Dec 2003,as at,rented,454500
31 Mar 2004,as at,rented,456600
30 Jun 2004,as at,rented,458700
30 Sep 2004,as at,rented,460800
31 Dec 2004,as at,rented,462900
31 Mar 2005,as at,rented,464600
30 Jun 2005,as at,rented,466600
30 Sep 2005,as at,rented,468300
31 Dec 2005,as at,rented,469700
31 Mar 2006,as at,rented,471800
30 Jun 2006,as at,rented,475000
30 Sep 2006,as at,rented,478200
31 Dec 2006,as at,rented,481200
31 Mar 2007,as at,rented,484600
30 Jun 2007,as at,rented,487800
30 Sep 2007,as at,rented,491000
31 Dec 2007,as at,rented,494300
31 Mar 2008,as at,rented,497600
30 Jun 2008,as at,rented,500700
30 Sep 2008,as at,rented,503700
31 Dec 2008,as at,rented,506700
31 Mar 2009,as at,rented,509400
30 Jun 2009,as at,rented,511900
30 Sep 2009,as at,rented,514300
31 Dec 2009,as at,rented,516800
31 Mar 2010,as at,rented,519400
30 Jun 2010,as at,rented,522100
30 Sep 2010,as at,rented,524800
31 Dec 2010,as at,rented,527500
31 Mar 2011,as at,rented,530200
30 Jun 2011,as at,rented,532800
30 Sep 2011,as at,rented,535200
31 Dec 2011,as at,rented,537700
31 Mar 2012,as at,rented,540400
30 Jun 2012,as at,rented,543000
30 Sep 2012,as at,rented,545700
31 Dec 2012,as at,rented,548400
31 Mar 2013,as at,rented,551200
30 Jun 2013,as at,rented,552900
30 Sep 2013,as at,rented,554500
31 Dec 2013,as at,rented,556400
31 Mar 2014,as at,rented,558300
30 Jun 2014,as at,rented,560400
30 Sep 2014,as at,rented,562300
31 Dec 2014,as at,rented,564400
31 Mar 2015,as at,rented,566600
30 Jun 2015,as at,rented,568800
30 Sep 2015,as at,rented,570800
31 Dec 2015,as at,rented,573000
31 Mar 2016,as at,rented,575400
30 Jun 2016,as at,rented,578000
30 Sep 2016,as at,rented,580100
31 Dec 2016,as at,rented,582700
31 Mar 2017,as at,rented,585300
30 Jun 2017,as at,rented,587900
30 Sep 2017,as at,rented,590300
31 Dec 2017,as at,rented,592700
31 Mar 2018,as at,rented,595200
30 Jun 2018,as at,rented,597700
30 Sep 2018,as at,rented,600000
31 Dec 2018,as at,rented,602200
31 Mar 2019,as at,rented,604800
30 Jun 2019,as at,rented,607200
30 Sep 2019,as at,rented,609700
31 Dec 2019,as at,rented,612200
31 Mar 2020,as at,rented,614900
30 Jun 2020,as at,rented,617800
30 Sep 2020,as at,rented,620600
31 Dec 2020,as at,rented,623200
31 Mar 2021,as at,rented,625900
30 Jun 2021,as at,rented,628800
30 Sep 2021,as at,rented,632100
31 Mar 1991,as at,free,43000
30 Jun 1991,as at,free,43600
30 Sep 1991,as at,free,44200
31 Dec 1991,as at,free,44800
31 Mar 1992,as at,free,45300
30 Jun 1992,as at,free,45900
30 Sep 1992,as at,free,46500
31 Dec 1992,as at,free,47100
31 Mar 1993,as at,free,47700
30 Jun 1993,as at,free,48300
30 Sep 1993,as at,free,48900
31 Dec 1993,as at,free,49500
31 Mar 1994,as at,free,50100
30 Jun 1994,as at,free,50700
30 Sep 1994,as at,free,51400
31 Dec 1994,as at,free,52000
31 Mar 1995,as at,free,52700
30 Jun 1995,as at,free,53400
30 Sep 1995,as at,free,54000
31 Dec 1995,as at,free,54700
31 Mar 1996,as at,free,55000
30 Jun 1996,as at,free,54700
30 Sep 1996,as at,free,54300
31 Dec 1996,as at,free,53900
31 Mar 1997,as at,free,53600
30 Jun 1997,as at,free,53200
30 Sep 1997,as at,free,52800
31 Dec 1997,as at,free,52400
31 Mar 1998,as at,free,52100
30 Jun 1998,as at,free,51700
30 Sep 1998,as at,free,51300
31 Dec 1998,as at,free,50900
31 Mar 1999,as at,free,50400
30 Jun 1999,as at,free,50000
30 Sep 1999,as at,free,49600
31 Dec 1999,as at,free,49200
31 Mar 2000,as at,free,48800
30 Jun 2000,as at,free,48400
30 Sep 2000,as at,free,47900
31 Dec 2000,as at,free,47400
31 Mar 2001,as at,free,47400
30 Jun 2001,as at,free,48400
30 Sep 2001,as at,free,49400
31 Dec 2001,as at,free,50400
31 Mar 2002,as at,free,51400
30 Jun 2002,as at,free,52500
30 Sep 2002,as at,free,53500
31 Dec 2002,as at,free,54600
31 Mar 2003,as at,free,55700
30 Jun 2003,as at,free,56900
30 Sep 2003,as at,free,58000
31 Dec 2003,as at,free,59200
31 Mar 2004,as at,free,60400
30 Jun 2004,as at,free,61500
30 Sep 2004,as at,free,62800
31 Dec 2004,as at,free,64000
31 Mar 2005,as at,free,65200
30 Jun 2005,as at,free,66400
30 Sep 2005,as at,free,67600
31 Dec 2005,as at,free,68700
31 Mar 2006,as at,free,69600
30 Jun 2006,as at,free,69500
30 Sep 2006,as at,free,69400
31 Dec 2006,as at,free,69400
31 Mar 2007,as at,free,69300
30 Jun 2007,as at,free,69200
30 Sep 2007,as at,free,69200
31 Dec 2007,as at,free,69100
31 Mar 2008,as at,free,69000
30 Jun 2008,as at,free,68900
30 Sep 2008,as at,free,68800
31 Dec 2008,as at,free,68700
31 Mar 2009,as at,free,68500
30 Jun 2009,as at,free,68300
30 Sep 2009,as at,free,68100
31 Dec 2009,as at,free,67900
31 Mar 2010,as at,free,67700
30 Jun 2010,as at,free,67600
30 Sep 2010,as at,free,67400
31 Dec 2010,as at,free,67200
31 Mar 2011,as at,free,67000
30 Jun 2011,as at,free,66800
30 Sep 2011,as at,free,66600
31 Dec 2011,as at,free,66400
31 Mar 2012,as at,free,66200
30 Jun 2012,as at,free,66000
30 Sep 2012,as at,free,65800
31 Dec 2012,as at,free,65600
31 Mar 2013,as at,free,65500
30 Jun 2013,as at,free,65300
30 Sep 2013,as at,free,65200
31 Dec 2013,as at,free,65100
31 Mar 2014,as at,free,65000
30 Jun 2014,as at,free,64900
30 Sep 2014,as at,free,64700
31 Dec 2014,as at,free,64600
31 Mar 2015,as at,free,64600
30 Jun 2015,as at,free,64500
30 Sep 2015,as at,free,64400
31 Dec 2015,as at,free,64300
31 Mar 2016,as at,free,64200
30 Jun 2016,as at,free,64100
30 Sep 2016,as at,free,64000
31 Dec 2016,as at,free,64000
31 Mar 2017,as at,free,63900
30 Jun 2017,as at,free,63800
30 Sep 2017,as at,free,63700
31 Dec 2017,as at,free,63700
31 Mar 2018,as at,free,63700
30 Jun 2018,as at,free,63900
30 Sep 2018,as at,free,64200
31 Dec 2018,as at,free,64400
31 Mar 2019,as at,free,64700
30 Jun 2019,as at,free,65000
30 Sep 2019,as at,free,65200
31 Dec 2019,as at,free,65500
31 Mar 2020,as at,free,65800
30 Jun 2020,as at,free,66100
30 Sep 2020,as at,free,66400
31 Dec 2020,as at,free,66700
31 Mar 2021,as at,free,67000
30 Jun 2021,as at,free,67300
30 Sep 2021,as at,free,67600
31 Mar 1991,mean year ended,total,NA
30 Jun 1991,mean year ended,total,NA
30 Sep 1991,mean year ended,total,NA
31 Dec 1991,mean year ended,total,NA
31 Mar 1992,mean year ended,total,1310600
30 Jun 1992,mean year ended,total,1314700
30 Sep 1992,mean year ended,total,1318700
31 Dec 1992,mean year ended,total,1322700
31 Mar 1993,mean year ended,total,1326600
30 Jun 1993,mean year ended,total,1330600
30 Sep 1993,mean year ended,total,1334700
31 Dec 1993,mean year ended,total,1338800
31 Mar 1994,mean year ended,total,1342900
30 Jun 1994,mean year ended,total,1347200
30 Sep 1994,mean year ended,total,1351500
31 Dec 1994,mean year ended,total,1356000
31 Mar 1995,mean year ended,total,1360800
30 Jun 1995,mean year ended,total,1365800
30 Sep 1995,mean year ended,total,1371100
31 Dec 1995,mean year ended,total,1376500
31 Mar 1996,mean year ended,total,1381600
30 Jun 1996,mean year ended,total,1386600
30 Sep 1996,mean year ended,total,1391700
31 Dec 1996,mean year ended,total,1397000
31 Mar 1997,mean year ended,total,1402600
30 Jun 1997,mean year ended,total,1408400
30 Sep 1997,mean year ended,total,1414100
31 Dec 1997,mean year ended,total,1419800
31 Mar 1998,mean year ended,total,1425800
30 Jun 1998,mean year ended,total,1432000
30 Sep 1998,mean year ended,total,1438400
31 Dec 1998,mean year ended,total,1444700
31 Mar 1999,mean year ended,total,1450600
30 Jun 1999,mean year ended,total,1456000
30 Sep 1999,mean year ended,total,1461200
31 Dec 1999,mean year ended,total,1466700
31 Mar 2000,mean year ended,total,1472800
30 Jun 2000,mean year ended,total,1479300
30 Sep 2000,mean year ended,total,1485900
31 Dec 2000,mean year ended,total,1492300
31 Mar 2001,mean year ended,total,1498100
30 Jun 2001,mean year ended,total,1503300
30 Sep 2001,mean year ended,total,1508100
31 Dec 2001,mean year ended,total,1512800
31 Mar 2002,mean year ended,total,1517300
30 Jun 2002,mean year ended,total,1522000
30 Sep 2002,mean year ended,total,1526900
31 Dec 2002,mean year ended,total,1532000
31 Mar 2003,mean year ended,total,1537500
30 Jun 2003,mean year ended,total,1543500
30 Sep 2003,mean year ended,total,1550000
31 Dec 2003,mean year ended,total,1556600
31 Mar 2004,mean year ended,total,1563500
30 Jun 2004,mean year ended,total,1570500
30 Sep 2004,mean year ended,total,1577700
31 Dec 2004,mean year ended,total,1585300
31 Mar 2005,mean year ended,total,1592900
30 Jun 2005,mean year ended,total,1600300
30 Sep 2005,mean year ended,total,1607500
31 Dec 2005,mean year ended,total,1614200
31 Mar 2006,mean year ended,total,1620600
30 Jun 2006,mean year ended,total,1626700
30 Sep 2006,mean year ended,total,1632500
31 Dec 2006,mean year ended,total,1638200
31 Mar 2007,mean year ended,total,1643900
30 Jun 2007,mean year ended,total,1649600
30 Sep 2007,mean year ended,total,1655200
31 Dec 2007,mean year ended,total,1660900
31 Mar 2008,mean year ended,total,1666700
30 Jun 2008,mean year ended,total,1672300
30 Sep 2008,mean year ended,total,1677800
31 Dec 2008,mean year ended,total,1683000
31 Mar 2009,mean year ended,total,1687900
30 Jun 2009,mean year ended,total,1692200
30 Sep 2009,mean year ended,total,1696000
31 Dec 2009,mean year ended,total,1699300
31 Mar 2010,mean year ended,total,1702400
30 Jun 2010,mean year ended,total,1705400
30 Sep 2010,mean year ended,total,1708700
31 Dec 2010,mean year ended,total,1712100
31 Mar 2011,mean year ended,total,1715700
30 Jun 2011,mean year ended,total,1719200
30 Sep 2011,mean year ended,total,1722500
31 Dec 2011,mean year ended,total,1725500
31 Mar 2012,mean year ended,total,1728500
30 Jun 2012,mean year ended,total,1731500
30 Sep 2012,mean year ended,total,1734600
31 Dec 2012,mean year ended,total,1737800
31 Mar 2013,mean year ended,total,1741400
30 Jun 2013,mean year ended,total,1745200
30 Sep 2013,mean year ended,total,1749100
31 Dec 2013,mean year ended,total,1753200
31 Mar 2014,mean year ended,total,1757300
30 Jun 2014,mean year ended,total,1761600
30 Sep 2014,mean year ended,total,1766200
31 Dec 2014,mean year ended,total,1771000
31 Mar 2015,mean year ended,total,1775900
30 Jun 2015,mean year ended,total,1781000
30 Sep 2015,mean year ended,total,1786200
31 Dec 2015,mean year ended,total,1791500
31 Mar 2016,mean year ended,total,1796800
30 Jun 2016,mean year ended,total,1802400
30 Sep 2016,mean year ended,total,1808100
31 Dec 2016,mean year ended,total,1814100
31 Mar 2017,mean year ended,total,1820300
30 Jun 2017,mean year ended,total,1826500
30 Sep 2017,mean year ended,total,1832900
31 Dec 2017,mean year ended,total,1839300
31 Mar 2018,mean year ended,total,1845600
30 Jun 2018,mean year ended,total,1852000
30 Sep 2018,mean year ended,total,1858800
31 Dec 2018,mean year ended,total,1865800
31 Mar 2019,mean year ended,total,1873100
30 Jun 2019,mean year ended,total,1880600
30 Sep 2019,mean year ended,total,1888000
31 Dec 2019,mean year ended,total,1895700
31 Mar 2020,mean year ended,total,1903600
30 Jun 2020,mean year ended,total,1911700
30 Sep 2020,mean year ended,total,1920100
31 Dec 2020,mean year ended,total,1928700
31 Mar 2021,mean year ended,total,1937200
30 Jun 2021,mean year ended,total,1945800
30 Sep 2021,mean year ended,total,1954600
31 Mar 1991,mean year ended,owner_occupied,NA
30 Jun 1991,mean year ended,owner_occupied,NA
30 Sep 1991,mean year ended,owner_occupied,NA
31 Dec 1991,mean year ended,owner_occupied,NA
31 Mar 1992,mean year ended,owner_occupied,962700
30 Jun 1992,mean year ended,owner_occupied,963600
30 Sep 1992,mean year ended,owner_occupied,964500
31 Dec 1992,mean year ended,owner_occupied,965300
31 Mar 1993,mean year ended,owner_occupied,966200
30 Jun 1993,mean year ended,owner_occupied,967000
30 Sep 1993,mean year ended,owner_occupied,967800
31 Dec 1993,mean year ended,owner_occupied,968700
31 Mar 1994,mean year ended,owner_occupied,969600
30 Jun 1994,mean year ended,owner_occupied,970600
30 Sep 1994,mean year ended,owner_occupied,971600
31 Dec 1994,mean year ended,owner_occupied,972700
31 Mar 1995,mean year ended,owner_occupied,974000
30 Jun 1995,mean year ended,owner_occupied,975500
30 Sep 1995,mean year ended,owner_occupied,977100
31 Dec 1995,mean year ended,owner_occupied,978700
31 Mar 1996,mean year ended,owner_occupied,980200
30 Jun 1996,mean year ended,owner_occupied,981700
30 Sep 1996,mean year ended,owner_occupied,983100
31 Dec 1996,mean year ended,owner_occupied,984800
31 Mar 1997,mean year ended,owner_occupied,986800
30 Jun 1997,mean year ended,owner_occupied,988800
30 Sep 1997,mean year ended,owner_occupied,990800
31 Dec 1997,mean year ended,owner_occupied,992800
31 Mar 1998,mean year ended,owner_occupied,994900
30 Jun 1998,mean year ended,owner_occupied,997200
30 Sep 1998,mean year ended,owner_occupied,999600
31 Dec 1998,mean year ended,owner_occupied,1001900
31 Mar 1999,mean year ended,owner_occupied,1003900
30 Jun 1999,mean year ended,owner_occupied,1005600
30 Sep 1999,mean year ended,owner_occupied,1007100
31 Dec 1999,mean year ended,owner_occupied,1008800
31 Mar 2000,mean year ended,owner_occupied,1010900
30 Jun 2000,mean year ended,owner_occupied,1013200
30 Sep 2000,mean year ended,owner_occupied,1015600
31 Dec 2000,mean year ended,owner_occupied,1017800
31 Mar 2001,mean year ended,owner_occupied,1019700
30 Jun 2001,mean year ended,owner_occupied,1021400
30 Sep 2001,mean year ended,owner_occupied,1023100
31 Dec 2001,mean year ended,owner_occupied,1025100
31 Mar 2002,mean year ended,owner_occupied,1027400
30 Jun 2002,mean year ended,owner_occupied,1029800
30 Sep 2002,mean year ended,owner_occupied,1032400
31 Dec 2002,mean year ended,owner_occupied,1035100
31 Mar 2003,mean year ended,owner_occupied,1038100
30 Jun 2003,mean year ended,owner_occupied,1041400
30 Sep 2003,mean year ended,owner_occupied,1045000
31 Dec 2003,mean year ended,owner_occupied,1048800
31 Mar 2004,mean year ended,owner_occupied,1052700
30 Jun 2004,mean year ended,owner_occupied,1056600
30 Sep 2004,mean year ended,owner_occupied,1060700
31 Dec 2004,mean year ended,owner_occupied,1065100
31 Mar 2005,mean year ended,owner_occupied,1069400
30 Jun 2005,mean year ended,owner_occupied,1073600
30 Sep 2005,mean year ended,owner_occupied,1077700
31 Dec 2005,mean year ended,owner_occupied,1081400
31 Mar 2006,mean year ended,owner_occupied,1084900
30 Jun 2006,mean year ended,owner_occupied,1088100
30 Sep 2006,mean year ended,owner_occupied,1091000
31 Dec 2006,mean year ended,owner_occupied,1093700
31 Mar 2007,mean year ended,owner_occupied,1096300
30 Jun 2007,mean year ended,owner_occupied,1098900
30 Sep 2007,mean year ended,owner_occupied,1101400
31 Dec 2007,mean year ended,owner_occupied,1103900
31 Mar 2008,mean year ended,owner_occupied,1106500
30 Jun 2008,mean year ended,owner_occupied,1109000
30 Sep 2008,mean year ended,owner_occupied,1111300
31 Dec 2008,mean year ended,owner_occupied,1113500
31 Mar 2009,mean year ended,owner_occupied,1115500
30 Jun 2009,mean year ended,owner_occupied,1117000
30 Sep 2009,mean year ended,owner_occupied,1118300
31 Dec 2009,mean year ended,owner_occupied,1119200
31 Mar 2010,mean year ended,owner_occupied,1119900
30 Jun 2010,mean year ended,owner_occupied,1120600
30 Sep 2010,mean year ended,owner_occupied,1121500
31 Dec 2010,mean year ended,owner_occupied,1122400
31 Mar 2011,mean year ended,owner_occupied,1123500
30 Jun 2011,mean year ended,owner_occupied,1124500
30 Sep 2011,mean year ended,owner_occupied,1125300
31 Dec 2011,mean year ended,owner_occupied,1126000
31 Mar 2012,mean year ended,owner_occupied,1126700
30 Jun 2012,mean year ended,owner_occupied,1127300
30 Sep 2012,mean year ended,owner_occupied,1128000
31 Dec 2012,mean year ended,owner_occupied,1128800
31 Mar 2013,mean year ended,owner_occupied,1129800
30 Jun 2013,mean year ended,owner_occupied,1131200
30 Sep 2013,mean year ended,owner_occupied,1132900
31 Dec 2013,mean year ended,owner_occupied,1135100
31 Mar 2014,mean year ended,owner_occupied,1137500
30 Jun 2014,mean year ended,owner_occupied,1140100
30 Sep 2014,mean year ended,owner_occupied,1142800
31 Dec 2014,mean year ended,owner_occupied,1145700
31 Mar 2015,mean year ended,owner_occupied,1148800
30 Jun 2015,mean year ended,owner_occupied,1151900
30 Sep 2015,mean year ended,owner_occupied,1155100
31 Dec 2015,mean year ended,owner_occupied,1158300
31 Mar 2016,mean year ended,owner_occupied,1161500
30 Jun 2016,mean year ended,owner_occupied,1165000
30 Sep 2016,mean year ended,owner_occupied,1168500
31 Dec 2016,mean year ended,owner_occupied,1172100
31 Mar 2017,mean year ended,owner_occupied,1175900
30 Jun 2017,mean year ended,owner_occupied,1179800
30 Sep 2017,mean year ended,owner_occupied,1183700
31 Dec 2017,mean year ended,owner_occupied,1187600
31 Mar 2018,mean year ended,owner_occupied,1191500
30 Jun 2018,mean year ended,owner_occupied,1195500
30 Sep 2018,mean year ended,owner_occupied,1199800
31 Dec 2018,mean year ended,owner_occupied,1204300
31 Mar 2019,mean year ended,owner_occupied,1209000
30 Jun 2019,mean year ended,owner_occupied,1213800
30 Sep 2019,mean year ended,owner_occupied,1218600
31 Dec 2019,mean year ended,owner_occupied,1223500
31 Mar 2020,mean year ended,owner_occupied,1228600
30 Jun 2020,mean year ended,owner_occupied,1233900
30 Sep 2020,mean year ended,owner_occupied,1239300
31 Dec 2020,mean year ended,owner_occupied,1244800
31 Mar 2021,mean year ended,owner_occupied,1250400
30 Jun 2021,mean year ended,owner_occupied,1255900
30 Sep 2021,mean year ended,owner_occupied,1261600
31 Mar 1991,mean year ended,rented,NA
30 Jun 1991,mean year ended,rented,NA
30 Sep 1991,mean year ended,rented,NA
31 Dec 1991,mean year ended,rented,NA
31 Mar 1992,mean year ended,rented,303700
30 Jun 1992,mean year ended,rented,306300
30 Sep 1992,mean year ended,rented,308800
31 Dec 1992,mean year ended,rented,311400
31 Mar 1993,mean year ended,rented,314000
30 Jun 1993,mean year ended,rented,316600
30 Sep 1993,mean year ended,rented,319200
31 Dec 1993,mean year ended,rented,321800
31 Mar 1994,mean year ended,rented,324400
30 Jun 1994,mean year ended,rented,327100
30 Sep 1994,mean year ended,rented,329800
31 Dec 1994,mean year ended,rented,332600
31 Mar 1995,mean year ended,rented,335400
30 Jun 1995,mean year ended,rented,338400
30 Sep 1995,mean year ended,rented,341400
31 Dec 1995,mean year ended,rented,344400
31 Mar 1996,mean year ended,rented,347400
30 Jun 1996,mean year ended,rented,350500
30 Sep 1996,mean year ended,rented,353900
31 Dec 1996,mean year ended,rented,357600
31 Mar 1997,mean year ended,rented,361600
30 Jun 1997,mean year ended,rented,365600
30 Sep 1997,mean year ended,rented,369700
31 Dec 1997,mean year ended,rented,373900
31 Mar 1998,mean year ended,rented,378100
30 Jun 1998,mean year ended,rented,382400
30 Sep 1998,mean year ended,rented,386700
31 Dec 1998,mean year ended,rented,391100
31 Mar 1999,mean year ended,rented,395400
30 Jun 1999,mean year ended,rented,399500
30 Sep 1999,mean year ended,rented,403700
31 Dec 1999,mean year ended,rented,407900
31 Mar 2000,mean year ended,rented,412300
30 Jun 2000,mean year ended,rented,416900
30 Sep 2000,mean year ended,rented,421500
31 Dec 2000,mean year ended,rented,426100
31 Mar 2001,mean year ended,rented,430400
30 Jun 2001,mean year ended,rented,434100
30 Sep 2001,mean year ended,rented,437000
31 Dec 2001,mean year ended,rented,439100
31 Mar 2002,mean year ended,rented,440600
30 Jun 2002,mean year ended,rented,441800
30 Sep 2002,mean year ended,rented,443000
31 Dec 2002,mean year ended,rented,444400
31 Mar 2003,mean year ended,rented,445800
30 Jun 2003,mean year ended,rented,447400
30 Sep 2003,mean year ended,rented,449200
31 Dec 2003,mean year ended,rented,451000
31 Mar 2004,mean year ended,rented,452800
30 Jun 2004,mean year ended,rented,454700
30 Sep 2004,mean year ended,rented,456700
31 Dec 2004,mean year ended,rented,458700
31 Mar 2005,mean year ended,rented,460800
30 Jun 2005,mean year ended,rented,462700
30 Sep 2005,mean year ended,rented,464700
31 Dec 2005,mean year ended,rented,466500
31 Mar 2006,mean year ended,rented,468200
30 Jun 2006,mean year ended,rented,470200
30 Sep 2006,mean year ended,rented,472400
31 Dec 2006,mean year ended,rented,475100
31 Mar 2007,mean year ended,rented,478100
30 Jun 2007,mean year ended,rented,481300
30 Sep 2007,mean year ended,rented,484500
31 Dec 2007,mean year ended,rented,487800
31 Mar 2008,mean year ended,rented,491000
30 Jun 2008,mean year ended,rented,494300
30 Sep 2008,mean year ended,rented,497500
31 Dec 2008,mean year ended,rented,500600
31 Mar 2009,mean year ended,rented,503600
30 Jun 2009,mean year ended,rented,506500
30 Sep 2009,mean year ended,rented,509200
31 Dec 2009,mean year ended,rented,511800
31 Mar 2010,mean year ended,rented,514300
30 Jun 2010,mean year ended,rented,516900
30 Sep 2010,mean year ended,rented,519500
31 Dec 2010,mean year ended,rented,522100
31 Mar 2011,mean year ended,rented,524800
30 Jun 2011,mean year ended,rented,527500
30 Sep 2011,mean year ended,rented,530100
31 Dec 2011,mean year ended,rented,532700
31 Mar 2012,mean year ended,rented,535200
30 Jun 2012,mean year ended,rented,537800
30 Sep 2012,mean year ended,rented,540400
31 Dec 2012,mean year ended,rented,543000
31 Mar 2013,mean year ended,rented,545700
30 Jun 2013,mean year ended,rented,548300
30 Sep 2013,mean year ended,rented,550700
31 Dec 2013,mean year ended,rented,552800
31 Mar 2014,mean year ended,rented,554700
30 Jun 2014,mean year ended,rented,556500
30 Sep 2014,mean year ended,rented,558400
31 Dec 2014,mean year ended,rented,560400
31 Mar 2015,mean year ended,rented,562400
30 Jun 2015,mean year ended,rented,564500
30 Sep 2015,mean year ended,rented,566600
31 Dec 2015,mean year ended,rented,568700
31 Mar 2016,mean year ended,rented,570900
30 Jun 2016,mean year ended,rented,573200
30 Sep 2016,mean year ended,rented,575500
31 Dec 2016,mean year ended,rented,577800
31 Mar 2017,mean year ended,rented,580300
30 Jun 2017,mean year ended,rented,582800
30 Sep 2017,mean year ended,rented,585300
31 Dec 2017,mean year ended,rented,587800
31 Mar 2018,mean year ended,rented,590300
30 Jun 2018,mean year ended,rented,592700
30 Sep 2018,mean year ended,rented,595200
31 Dec 2018,mean year ended,rented,597600
31 Mar 2019,mean year ended,rented,600000
30 Jun 2019,mean year ended,rented,602400
30 Sep 2019,mean year ended,rented,604700
31 Dec 2019,mean year ended,rented,607200
31 Mar 2020,mean year ended,rented,609700
30 Jun 2020,mean year ended,rented,612300
30 Sep 2020,mean year ended,rented,615000
31 Dec 2020,mean year ended,rented,617800
31 Mar 2021,mean year ended,rented,620500
30 Jun 2021,mean year ended,rented,623300
30 Sep 2021,mean year ended,rented,626100
31 Mar 1991,mean year ended,free,NA
30 Jun 1991,mean year ended,free,NA
30 Sep 1991,mean year ended,free,NA
31 Dec 1991,mean year ended,free,NA
31 Mar 1992,mean year ended,free,44200
30 Jun 1992,mean year ended,free,44800
30 Sep 1992,mean year ended,free,45300
31 Dec 1992,mean year ended,free,45900
31 Mar 1993,mean year ended,free,46500
30 Jun 1993,mean year ended,free,47100
30 Sep 1993,mean year ended,free,47700
31 Dec 1993,mean year ended,free,48300
31 Mar 1994,mean year ended,free,48900
30 Jun 1994,mean year ended,free,49500
30 Sep 1994,mean year ended,free,50100
31 Dec 1994,mean year ended,free,50700
31 Mar 1995,mean year ended,free,51400
30 Jun 1995,mean year ended,free,52000
30 Sep 1995,mean year ended,free,52700
31 Dec 1995,mean year ended,free,53400
31 Mar 1996,mean year ended,free,54000
30 Jun 1996,mean year ended,free,54400
30 Sep 1996,mean year ended,free,54600
31 Dec 1996,mean year ended,free,54600
31 Mar 1997,mean year ended,free,54300
30 Jun 1997,mean year ended,free,53900
30 Sep 1997,mean year ended,free,53600
31 Dec 1997,mean year ended,free,53200
31 Mar 1998,mean year ended,free,52800
30 Jun 1998,mean year ended,free,52400
30 Sep 1998,mean year ended,free,52100
31 Dec 1998,mean year ended,free,51700
31 Mar 1999,mean year ended,free,51300
30 Jun 1999,mean year ended,free,50900
30 Sep 1999,mean year ended,free,50400
31 Dec 1999,mean year ended,free,50000
31 Mar 2000,mean year ended,free,49600
30 Jun 2000,mean year ended,free,49200
30 Sep 2000,mean year ended,free,48800
31 Dec 2000,mean year ended,free,48300
31 Mar 2001,mean year ended,free,48000
30 Jun 2001,mean year ended,free,47800
30 Sep 2001,mean year ended,free,48000
31 Dec 2001,mean year ended,free,48500
31 Mar 2002,mean year ended,free,49400
30 Jun 2002,mean year ended,free,50400
30 Sep 2002,mean year ended,free,51500
31 Dec 2002,mean year ended,free,52500
31 Mar 2003,mean year ended,free,53600
30 Jun 2003,mean year ended,free,54700
30 Sep 2003,mean year ended,free,55800
31 Dec 2003,mean year ended,free,56900
31 Mar 2004,mean year ended,free,58000
30 Jun 2004,mean year ended,free,59200
30 Sep 2004,mean year ended,free,60400
31 Dec 2004,mean year ended,free,61600
31 Mar 2005,mean year ended,free,62800
30 Jun 2005,mean year ended,free,64000
30 Sep 2005,mean year ended,free,65200
31 Dec 2005,mean year ended,free,66400
31 Mar 2006,mean year ended,free,67500
30 Jun 2006,mean year ended,free,68500
30 Sep 2006,mean year ended,free,69100
31 Dec 2006,mean year ended,free,69400
31 Mar 2007,mean year ended,free,69400
30 Jun 2007,mean year ended,free,69400
30 Sep 2007,mean year ended,free,69300
31 Dec 2007,mean year ended,free,69200
31 Mar 2008,mean year ended,free,69200
30 Jun 2008,mean year ended,free,69100
30 Sep 2008,mean year ended,free,69000
31 Dec 2008,mean year ended,free,68900
31 Mar 2009,mean year ended,free,68800
30 Jun 2009,mean year ended,free,68700
30 Sep 2009,mean year ended,free,68500
31 Dec 2009,mean year ended,free,68300
31 Mar 2010,mean year ended,free,68100
30 Jun 2010,mean year ended,free,67900
30 Sep 2010,mean year ended,free,67700
31 Dec 2010,mean year ended,free,67600
31 Mar 2011,mean year ended,free,67400
30 Jun 2011,mean year ended,free,67200
30 Sep 2011,mean year ended,free,67000
31 Dec 2011,mean year ended,free,66800
31 Mar 2012,mean year ended,free,66600
30 Jun 2012,mean year ended,free,66400
30 Sep 2012,mean year ended,free,66200
31 Dec 2012,mean year ended,free,66000
31 Mar 2013,mean year ended,free,65800
30 Jun 2013,mean year ended,free,65600
30 Sep 2013,mean year ended,free,65500
31 Dec 2013,mean year ended,free,65300
31 Mar 2014,mean year ended,free,65200
30 Jun 2014,mean year ended,free,65100
30 Sep 2014,mean year ended,free,65000
31 Dec 2014,mean year ended,free,64900
31 Mar 2015,mean year ended,free,64700
30 Jun 2015,mean year ended,free,64700
30 Sep 2015,mean year ended,free,64600
31 Dec 2015,mean year ended,free,64500
31 Mar 2016,mean year ended,free,64400
30 Jun 2016,mean year ended,free,64300
30 Sep 2016,mean year ended,free,64200
31 Dec 2016,mean year ended,free,64100
31 Mar 2017,mean year ended,free,64000
30 Jun 2017,mean year ended,free,64000
30 Sep 2017,mean year ended,free,63900
31 Dec 2017,mean year ended,free,63800
31 Mar 2018,mean year ended,free,63800
30 Jun 2018,mean year ended,free,63700
30 Sep 2018,mean year ended,free,63800
31 Dec 2018,mean year ended,free,64000
31 Mar 2019,mean year ended,free,64200
30 Jun 2019,mean year ended,free,64400
30 Sep 2019,mean year ended,free,64700
31 Dec 2019,mean year ended,free,65000
31 Mar 2020,mean year ended,free,65200
30 Jun 2020,mean year ended,free,65500
30 Sep 2020,mean year ended,free,65800
31 Dec 2020,mean year ended,free,66100
31 Mar 2021,mean year ended,free,66400
30 Jun 2021,mean year ended,free,66700
30 Sep 2021,mean year ended,free,67000
31 Mar 1991,mean quarter ended,total,NA
30 Jun 1991,mean quarter ended,total,1304400
30 Sep 1991,mean quarter ended,total,1308800
31 Dec 1991,mean quarter ended,total,1312600
31 Mar 1992,mean quarter ended,total,1316600
30 Jun 1992,mean quarter ended,total,1320800
30 Sep 1992,mean quarter ended,total,1324700
31 Dec 1992,mean quarter ended,total,1328600
31 Mar 1993,mean quarter ended,total,1332500
30 Jun 1993,mean quarter ended,total,1336700
30 Sep 1993,mean quarter ended,total,1340900
31 Dec 1993,mean quarter ended,total,1344900
31 Mar 1994,mean quarter ended,total,1349200
30 Jun 1994,mean quarter ended,total,1353700
30 Sep 1994,mean quarter ended,total,1358200
31 Dec 1994,mean quarter ended,total,1362900
31 Mar 1995,mean quarter ended,total,1368200
30 Jun 1995,mean quarter ended,total,1374000
30 Sep 1995,mean quarter ended,total,1379400
31 Dec 1995,mean quarter ended,total,1384200
31 Mar 1996,mean quarter ended,total,1388900
30 Jun 1996,mean quarter ended,total,1394000
30 Sep 1996,mean quarter ended,total,1399600
31 Dec 1996,mean quarter ended,total,1405500
31 Mar 1997,mean quarter ended,total,1411300
30 Jun 1997,mean quarter ended,total,1417000
30 Sep 1997,mean quarter ended,total,1422500
31 Dec 1997,mean quarter ended,total,1428300
31 Mar 1998,mean quarter ended,total,1435100
30 Jun 1998,mean quarter ended,total,1442000
30 Sep 1998,mean quarter ended,total,1448200
31 Dec 1998,mean quarter ended,total,1453600
31 Mar 1999,mean quarter ended,total,1458500
30 Jun 1999,mean quarter ended,total,1463600
30 Sep 1999,mean quarter ended,total,1469200
31 Dec 1999,mean quarter ended,total,1475500
31 Mar 2000,mean quarter ended,total,1482800
30 Jun 2000,mean quarter ended,total,1489800
30 Sep 2000,mean quarter ended,total,1495600
31 Dec 2000,mean quarter ended,total,1500800
31 Mar 2001,mean quarter ended,total,1506000
30 Jun 2001,mean quarter ended,total,1510700
30 Sep 2001,mean quarter ended,total,1514900
31 Dec 2001,mean quarter ended,total,1519400
31 Mar 2002,mean quarter ended,total,1524300
30 Jun 2002,mean quarter ended,total,1529400
30 Sep 2002,mean quarter ended,total,1534400
31 Dec 2002,mean quarter ended,total,1539800
31 Mar 2003,mean quarter ended,total,1546200
30 Jun 2003,mean quarter ended,total,1553500
30 Sep 2003,mean quarter ended,total,1560300
31 Dec 2003,mean quarter ended,total,1566600
31 Mar 2004,mean quarter ended,total,1573800
30 Jun 2004,mean quarter ended,total,1581500
30 Sep 2004,mean quarter ended,total,1589100
31 Dec 2004,mean quarter ended,total,1596900
31 Mar 2005,mean quarter ended,total,1604200
30 Jun 2005,mean quarter ended,total,1611000
30 Sep 2005,mean quarter ended,total,1617900
31 Dec 2005,mean quarter ended,total,1623900
31 Mar 2006,mean quarter ended,total,1629500
30 Jun 2006,mean quarter ended,total,1635500
30 Sep 2006,mean quarter ended,total,1641200
31 Dec 2006,mean quarter ended,total,1646600
31 Mar 2007,mean quarter ended,total,1652300
30 Jun 2007,mean quarter ended,total,1658200
30 Sep 2007,mean quarter ended,total,1663800
31 Dec 2007,mean quarter ended,total,1669500
31 Mar 2008,mean quarter ended,total,1675300
30 Jun 2008,mean quarter ended,total,1680800
30 Sep 2008,mean quarter ended,total,1685700
31 Dec 2008,mean quarter ended,total,1690400
31 Mar 2009,mean quarter ended,total,1694600
30 Jun 2009,mean quarter ended,total,1698100
30 Sep 2009,mean quarter ended,total,1700900
31 Dec 2009,mean quarter ended,total,1703600
31 Mar 2010,mean quarter ended,total,1706800
30 Jun 2010,mean quarter ended,total,1710300
30 Sep 2010,mean quarter ended,total,1713900
31 Dec 2010,mean quarter ended,total,1717400
31 Mar 2011,mean quarter ended,total,1721000
30 Jun 2011,mean quarter ended,total,1724300
30 Sep 2011,mean quarter ended,total,1727100
31 Dec 2011,mean quarter ended,total,1729800
31 Mar 2012,mean quarter ended,total,1732800
30 Jun 2012,mean quarter ended,total,1736200
30 Sep 2012,mean quarter ended,total,1739500
31 Dec 2012,mean quarter ended,total,1742900
31 Mar 2013,mean quarter ended,total,1747000
30 Jun 2013,mean quarter ended,total,1751400
30 Sep 2013,mean quarter ended,total,1755100
31 Dec 2013,mean quarter ended,total,1759200
31 Mar 2014,mean quarter ended,total,1763700
30 Jun 2014,mean quarter ended,total,1768500
30 Sep 2014,mean quarter ended,total,1773400
31 Dec 2014,mean quarter ended,total,1778200
31 Mar 2015,mean quarter ended,total,1783500
30 Jun 2015,mean quarter ended,total,1789000
30 Sep 2015,mean quarter ended,total,1794200
31 Dec 2015,mean quarter ended,total,1799200
31 Mar 2016,mean quarter ended,total,1804900
30 Jun 2016,mean quarter ended,total,1811200
30 Sep 2016,mean quarter ended,total,1817100
31 Dec 2016,mean quarter ended,total,1823000
31 Mar 2017,mean quarter ended,total,1829600
30 Jun 2017,mean quarter ended,total,1836300
30 Sep 2017,mean quarter ended,total,1842500
31 Dec 2017,mean quarter ended,total,1848500
31 Mar 2018,mean quarter ended,total,1854900
30 Jun 2018,mean quarter ended,total,1862100
30 Sep 2018,mean quarter ended,total,1869700
31 Dec 2018,mean quarter ended,total,1876600
31 Mar 2019,mean quarter ended,total,1884000
30 Jun 2019,mean quarter ended,total,1891900
30 Sep 2019,mean quarter ended,total,1899500
31 Dec 2019,mean quarter ended,total,1907400
31 Mar 2020,mean quarter ended,total,1915600
30 Jun 2020,mean quarter ended,total,1924300
30 Sep 2020,mean quarter ended,total,1933300
31 Dec 2020,mean quarter ended,total,1941600
31 Mar 2021,mean quarter ended,total,1949800
30 Jun 2021,mean quarter ended,total,1958600
30 Sep 2021,mean quarter ended,total,1968400
31 Mar 1991,mean quarter ended,owner_occupied,NA
30 Jun 1991,mean quarter ended,owner_occupied,961200
30 Sep 1991,mean quarter ended,owner_occupied,962400
31 Dec 1991,mean quarter ended,owner_occupied,963100
31 Mar 1992,mean quarter ended,owner_occupied,964000
30 Jun 1992,mean quarter ended,owner_occupied,965000
30 Sep 1992,mean quarter ended,owner_occupied,965800
31 Dec 1992,mean quarter ended,owner_occupied,966500
31 Mar 1993,mean quarter ended,owner_occupied,967300
30 Jun 1993,mean quarter ended,owner_occupied,968300
30 Sep 1993,mean quarter ended,owner_occupied,969200
31 Dec 1993,mean quarter ended,owner_occupied,970000
31 Mar 1994,mean quarter ended,owner_occupied,971000
30 Jun 1994,mean quarter ended,owner_occupied,972100
30 Sep 1994,mean quarter ended,owner_occupied,973200
31 Dec 1994,mean quarter ended,owner_occupied,974400
31 Mar 1995,mean quarter ended,owner_occupied,976100
30 Jun 1995,mean quarter ended,owner_occupied,978100
30 Sep 1995,mean quarter ended,owner_occupied,979800
31 Dec 1995,mean quarter ended,owner_occupied,981000
31 Mar 1996,mean quarter ended,owner_occupied,982100
30 Jun 1996,mean quarter ended,owner_occupied,983700
30 Sep 1996,mean quarter ended,owner_occupied,985700
31 Dec 1996,mean quarter ended,owner_occupied,987800
31 Mar 1997,mean quarter ended,owner_occupied,989900
30 Jun 1997,mean quarter ended,owner_occupied,991800
30 Sep 1997,mean quarter ended,owner_occupied,993700
31 Dec 1997,mean quarter ended,owner_occupied,995700
31 Mar 1998,mean quarter ended,owner_occupied,998400
30 Jun 1998,mean quarter ended,owner_occupied,1001100
30 Sep 1998,mean quarter ended,owner_occupied,1003300
31 Dec 1998,mean quarter ended,owner_occupied,1004900
31 Mar 1999,mean quarter ended,owner_occupied,1006300
30 Jun 1999,mean quarter ended,owner_occupied,1007700
30 Sep 1999,mean quarter ended,owner_occupied,1009500
31 Dec 1999,mean quarter ended,owner_occupied,1011700
31 Mar 2000,mean quarter ended,owner_occupied,1014500
30 Jun 2000,mean quarter ended,owner_occupied,1017200
30 Sep 2000,mean quarter ended,owner_occupied,1019100
31 Dec 2000,mean quarter ended,owner_occupied,1020500
31 Mar 2001,mean quarter ended,owner_occupied,1022000
30 Jun 2001,mean quarter ended,owner_occupied,1024000
30 Sep 2001,mean quarter ended,owner_occupied,1026100
31 Dec 2001,mean quarter ended,owner_occupied,1028400
31 Mar 2002,mean quarter ended,owner_occupied,1031000
30 Jun 2002,mean quarter ended,owner_occupied,1033700
30 Sep 2002,mean quarter ended,owner_occupied,1036400
31 Dec 2002,mean quarter ended,owner_occupied,1039300
31 Mar 2003,mean quarter ended,owner_occupied,1042800
30 Jun 2003,mean quarter ended,owner_occupied,1047000
30 Sep 2003,mean quarter ended,owner_occupied,1050900
31 Dec 2003,mean quarter ended,owner_occupied,1054400
31 Mar 2004,mean quarter ended,owner_occupied,1058500
30 Jun 2004,mean quarter ended,owner_occupied,1062900
30 Sep 2004,mean quarter ended,owner_occupied,1067200
31 Dec 2004,mean quarter ended,owner_occupied,1071700
31 Mar 2005,mean quarter ended,owner_occupied,1075800
30 Jun 2005,mean quarter ended,owner_occupied,1079600
30 Sep 2005,mean quarter ended,owner_occupied,1083500
31 Dec 2005,mean quarter ended,owner_occupied,1086700
31 Mar 2006,mean quarter ended,owner_occupied,1089600
30 Jun 2006,mean quarter ended,owner_occupied,1092600
30 Sep 2006,mean quarter ended,owner_occupied,1095100
31 Dec 2006,mean quarter ended,owner_occupied,1097500
31 Mar 2007,mean quarter ended,owner_occupied,1100000
30 Jun 2007,mean quarter ended,owner_occupied,1102800
30 Sep 2007,mean quarter ended,owner_occupied,1105200
31 Dec 2007,mean quarter ended,owner_occupied,1107700
31 Mar 2008,mean quarter ended,owner_occupied,1110300
30 Jun 2008,mean quarter ended,owner_occupied,1112700
30 Sep 2008,mean quarter ended,owner_occupied,1114700
31 Dec 2008,mean quarter ended,owner_occupied,1116400
31 Mar 2009,mean quarter ended,owner_occupied,1118000
30 Jun 2009,mean quarter ended,owner_occupied,1119000
30 Sep 2009,mean quarter ended,owner_occupied,1119600
31 Dec 2009,mean quarter ended,owner_occupied,1120100
31 Mar 2010,mean quarter ended,owner_occupied,1120900
30 Jun 2010,mean quarter ended,owner_occupied,1121900
30 Sep 2010,mean quarter ended,owner_occupied,1123000
31 Dec 2010,mean quarter ended,owner_occupied,1124000
31 Mar 2011,mean quarter ended,owner_occupied,1125000
30 Jun 2011,mean quarter ended,owner_occupied,1125900
30 Sep 2011,mean quarter ended,owner_occupied,1126400
31 Dec 2011,mean quarter ended,owner_occupied,1126800
31 Mar 2012,mean quarter ended,owner_occupied,1127500
30 Jun 2012,mean quarter ended,owner_occupied,1128400
30 Sep 2012,mean quarter ended,owner_occupied,1129200
31 Dec 2012,mean quarter ended,owner_occupied,1130100
31 Mar 2013,mean quarter ended,owner_occupied,1131600
30 Jun 2013,mean quarter ended,owner_occupied,1133900
30 Sep 2013,mean quarter ended,owner_occupied,1136100
31 Dec 2013,mean quarter ended,owner_occupied,1138600
31 Mar 2014,mean quarter ended,owner_occupied,1141300
30 Jun 2014,mean quarter ended,owner_occupied,1144300
30 Sep 2014,mean quarter ended,owner_occupied,1147200
31 Dec 2014,mean quarter ended,owner_occupied,1150200
31 Mar 2015,mean quarter ended,owner_occupied,1153400
30 Jun 2015,mean quarter ended,owner_occupied,1156700
30 Sep 2015,mean quarter ended,owner_occupied,1159900
31 Dec 2015,mean quarter ended,owner_occupied,1163000
31 Mar 2016,mean quarter ended,owner_occupied,1166500
30 Jun 2016,mean quarter ended,owner_occupied,1170400
30 Sep 2016,mean quarter ended,owner_occupied,1174000
31 Dec 2016,mean quarter ended,owner_occupied,1177600
31 Mar 2017,mean quarter ended,owner_occupied,1181700
30 Jun 2017,mean quarter ended,owner_occupied,1185800
30 Sep 2017,mean quarter ended,owner_occupied,1189600
31 Dec 2017,mean quarter ended,owner_occupied,1193300
31 Mar 2018,mean quarter ended,owner_occupied,1197300
30 Jun 2018,mean quarter ended,owner_occupied,1201900
30 Sep 2018,mean quarter ended,owner_occupied,1206800
31 Dec 2018,mean quarter ended,owner_occupied,1211200
31 Mar 2019,mean quarter ended,owner_occupied,1216000
30 Jun 2019,mean quarter ended,owner_occupied,1221100
30 Sep 2019,mean quarter ended,owner_occupied,1226000
31 Dec 2019,mean quarter ended,owner_occupied,1231100
31 Mar 2020,mean quarter ended,owner_occupied,1236400
30 Jun 2020,mean quarter ended,owner_occupied,1242000
30 Sep 2020,mean quarter ended,owner_occupied,1247800
31 Dec 2020,mean quarter ended,owner_occupied,1253200
31 Mar 2021,mean quarter ended,owner_occupied,1258500
30 Jun 2021,mean quarter ended,owner_occupied,1264100
30 Sep 2021,mean quarter ended,owner_occupied,1270400
31 Mar 1991,mean quarter ended,rented,NA
30 Jun 1991,mean quarter ended,rented,299900
30 Sep 1991,mean quarter ended,rented,302500
31 Dec 1991,mean quarter ended,rented,305000
31 Mar 1992,mean quarter ended,rented,307500
30 Jun 1992,mean quarter ended,rented,310100
30 Sep 1992,mean quarter ended,rented,312700
31 Dec 1992,mean quarter ended,rented,315300
31 Mar 1993,mean quarter ended,rented,317800
30 Jun 1993,mean quarter ended,rented,320500
30 Sep 1993,mean quarter ended,rented,323100
31 Dec 1993,mean quarter ended,rented,325700
31 Mar 1994,mean quarter ended,rented,328400
30 Jun 1994,mean quarter ended,rented,331200
30 Sep 1994,mean quarter ended,rented,333900
31 Dec 1994,mean quarter ended,rented,336800
31 Mar 1995,mean quarter ended,rented,339800
30 Jun 1995,mean quarter ended,rented,342900
30 Sep 1995,mean quarter ended,rented,345900
31 Dec 1995,mean quarter ended,rented,348900
31 Mar 1996,mean quarter ended,rented,351900
30 Jun 1996,mean quarter ended,rented,355400
30 Sep 1996,mean quarter ended,rented,359500
31 Dec 1996,mean quarter ended,rented,363600
31 Mar 1997,mean quarter ended,rented,367700
30 Jun 1997,mean quarter ended,rented,371800
30 Sep 1997,mean quarter ended,rented,375900
31 Dec 1997,mean quarter ended,rented,380100
31 Mar 1998,mean quarter ended,rented,384500
30 Jun 1998,mean quarter ended,rented,389000
30 Sep 1998,mean quarter ended,rented,393400
31 Dec 1998,mean quarter ended,rented,397500
31 Mar 1999,mean quarter ended,rented,401600
30 Jun 1999,mean quarter ended,rented,405700
30 Sep 1999,mean quarter ended,rented,409900
31 Dec 1999,mean quarter ended,rented,414500
31 Mar 2000,mean quarter ended,rented,419200
30 Jun 2000,mean quarter ended,rented,424000
30 Sep 2000,mean quarter ended,rented,428400
31 Dec 2000,mean quarter ended,rented,432700
31 Mar 2001,mean quarter ended,rented,436600
30 Jun 2001,mean quarter ended,rented,438800
30 Sep 2001,mean quarter ended,rented,439900
31 Dec 2001,mean quarter ended,rented,441100
31 Mar 2002,mean quarter ended,rented,442400
30 Jun 2002,mean quarter ended,rented,443700
30 Sep 2002,mean quarter ended,rented,445000
31 Dec 2002,mean quarter ended,rented,446500
31 Mar 2003,mean quarter ended,rented,448200
30 Jun 2003,mean quarter ended,rented,450100
30 Sep 2003,mean quarter ended,rented,452000
31 Dec 2003,mean quarter ended,rented,453600
31 Mar 2004,mean quarter ended,rented,455600
30 Jun 2004,mean quarter ended,rented,457700
30 Sep 2004,mean quarter ended,rented,459700
31 Dec 2004,mean quarter ended,rented,461800
31 Mar 2005,mean quarter ended,rented,463800
30 Jun 2005,mean quarter ended,rented,465600
30 Sep 2005,mean quarter ended,rented,467500
31 Dec 2005,mean quarter ended,rented,469000
31 Mar 2006,mean quarter ended,rented,470700
30 Jun 2006,mean quarter ended,rented,473400
30 Sep 2006,mean quarter ended,rented,476600
31 Dec 2006,mean quarter ended,rented,479700
31 Mar 2007,mean quarter ended,rented,482900
30 Jun 2007,mean quarter ended,rented,486200
30 Sep 2007,mean quarter ended,rented,489400
31 Dec 2007,mean quarter ended,rented,492600
31 Mar 2008,mean quarter ended,rented,495900
30 Jun 2008,mean quarter ended,rented,499100
30 Sep 2008,mean quarter ended,rented,502200
31 Dec 2008,mean quarter ended,rented,505200
31 Mar 2009,mean quarter ended,rented,508000
30 Jun 2009,mean quarter ended,rented,510700
30 Sep 2009,mean quarter ended,rented,513100
31 Dec 2009,mean quarter ended,rented,515500
31 Mar 2010,mean quarter ended,rented,518100
30 Jun 2010,mean quarter ended,rented,520800
30 Sep 2010,mean quarter ended,rented,523500
31 Dec 2010,mean quarter ended,rented,526200
31 Mar 2011,mean quarter ended,rented,528900
30 Jun 2011,mean quarter ended,rented,531500
30 Sep 2011,mean quarter ended,rented,534000
31 Dec 2011,mean quarter ended,rented,536400
31 Mar 2012,mean quarter ended,rented,539000
30 Jun 2012,mean quarter ended,rented,541700
30 Sep 2012,mean quarter ended,rented,544400
31 Dec 2012,mean quarter ended,rented,547100
31 Mar 2013,mean quarter ended,rented,549800
30 Jun 2013,mean quarter ended,rented,552100
30 Sep 2013,mean quarter ended,rented,553700
31 Dec 2013,mean quarter ended,rented,555500
31 Mar 2014,mean quarter ended,rented,557400
30 Jun 2014,mean quarter ended,rented,559400
30 Sep 2014,mean quarter ended,rented,561400
31 Dec 2014,mean quarter ended,rented,563400
31 Mar 2015,mean quarter ended,rented,565500
30 Jun 2015,mean quarter ended,rented,567700
30 Sep 2015,mean quarter ended,rented,569800
31 Dec 2015,mean quarter ended,rented,571900
31 Mar 2016,mean quarter ended,rented,574200
30 Jun 2016,mean quarter ended,rented,576700
30 Sep 2016,mean quarter ended,rented,579100
31 Dec 2016,mean quarter ended,rented,581400
31 Mar 2017,mean quarter ended,rented,584000
30 Jun 2017,mean quarter ended,rented,586600
30 Sep 2017,mean quarter ended,rented,589100
31 Dec 2017,mean quarter ended,rented,591500
31 Mar 2018,mean quarter ended,rented,594000
30 Jun 2018,mean quarter ended,rented,596400
30 Sep 2018,mean quarter ended,rented,598900
31 Dec 2018,mean quarter ended,rented,601100
31 Mar 2019,mean quarter ended,rented,603500
30 Jun 2019,mean quarter ended,rented,606000
30 Sep 2019,mean quarter ended,rented,608400
31 Dec 2019,mean quarter ended,rented,610900
31 Mar 2020,mean quarter ended,rented,613600
30 Jun 2020,mean quarter ended,rented,616400
30 Sep 2020,mean quarter ended,rented,619200
31 Dec 2020,mean quarter ended,rented,621900
31 Mar 2021,mean quarter ended,rented,624500
30 Jun 2021,mean quarter ended,rented,627400
30 Sep 2021,mean quarter ended,rented,630500
31 Mar 1991,mean quarter ended,free,NA
30 Jun 1991,mean quarter ended,free,43300
30 Sep 1991,mean quarter ended,free,43900
31 Dec 1991,mean quarter ended,free,44500
31 Mar 1992,mean quarter ended,free,45100
30 Jun 1992,mean quarter ended,free,45600
30 Sep 1992,mean quarter ended,free,46200
31 Dec 1992,mean quarter ended,free,46800
31 Mar 1993,mean quarter ended,free,47400
30 Jun 1993,mean quarter ended,free,48000
30 Sep 1993,mean quarter ended,free,48600
31 Dec 1993,mean quarter ended,free,49200
31 Mar 1994,mean quarter ended,free,49800
30 Jun 1994,mean quarter ended,free,50400
30 Sep 1994,mean quarter ended,free,51000
31 Dec 1994,mean quarter ended,free,51700
31 Mar 1995,mean quarter ended,free,52300
30 Jun 1995,mean quarter ended,free,53000
30 Sep 1995,mean quarter ended,free,53700
31 Dec 1995,mean quarter ended,free,54400
31 Mar 1996,mean quarter ended,free,54900
30 Jun 1996,mean quarter ended,free,54800
30 Sep 1996,mean quarter ended,free,54500
31 Dec 1996,mean quarter ended,free,54100
31 Mar 1997,mean quarter ended,free,53700
30 Jun 1997,mean quarter ended,free,53400
30 Sep 1997,mean quarter ended,free,53000
31 Dec 1997,mean quarter ended,free,52600
31 Mar 1998,mean quarter ended,free,52200
30 Jun 1998,mean quarter ended,free,51900
30 Sep 1998,mean quarter ended,free,51500
31 Dec 1998,mean quarter ended,free,51100
31 Mar 1999,mean quarter ended,free,50600
30 Jun 1999,mean quarter ended,free,50200
30 Sep 1999,mean quarter ended,free,49800
31 Dec 1999,mean quarter ended,free,49400
31 Mar 2000,mean quarter ended,free,49000
30 Jun 2000,mean quarter ended,free,48600
30 Sep 2000,mean quarter ended,free,48100
31 Dec 2000,mean quarter ended,free,47700
31 Mar 2001,mean quarter ended,free,47400
30 Jun 2001,mean quarter ended,free,47900
30 Sep 2001,mean quarter ended,free,48900
31 Dec 2001,mean quarter ended,free,49900
31 Mar 2002,mean quarter ended,free,50900
30 Jun 2002,mean quarter ended,free,52000
30 Sep 2002,mean quarter ended,free,53000
31 Dec 2002,mean quarter ended,free,54100
31 Mar 2003,mean quarter ended,free,55200
30 Jun 2003,mean quarter ended,free,56300
30 Sep 2003,mean quarter ended,free,57500
31 Dec 2003,mean quarter ended,free,58600
31 Mar 2004,mean quarter ended,free,59800
30 Jun 2004,mean quarter ended,free,61000
30 Sep 2004,mean quarter ended,free,62200
31 Dec 2004,mean quarter ended,free,63400
31 Mar 2005,mean quarter ended,free,64600
30 Jun 2005,mean quarter ended,free,65800
30 Sep 2005,mean quarter ended,free,67000
31 Dec 2005,mean quarter ended,free,68100
31 Mar 2006,mean quarter ended,free,69200
30 Jun 2006,mean quarter ended,free,69500
30 Sep 2006,mean quarter ended,free,69500
31 Dec 2006,mean quarter ended,free,69400
31 Mar 2007,mean quarter ended,free,69300
30 Jun 2007,mean quarter ended,free,69300
30 Sep 2007,mean quarter ended,free,69200
31 Dec 2007,mean quarter ended,free,69100
31 Mar 2008,mean quarter ended,free,69100
30 Jun 2008,mean quarter ended,free,69000
30 Sep 2008,mean quarter ended,free,68900
31 Dec 2008,mean quarter ended,free,68700
31 Mar 2009,mean quarter ended,free,68600
30 Jun 2009,mean quarter ended,free,68400
30 Sep 2009,mean quarter ended,free,68200
31 Dec 2009,mean quarter ended,free,68000
31 Mar 2010,mean quarter ended,free,67800
30 Jun 2010,mean quarter ended,free,67600
30 Sep 2010,mean quarter ended,free,67500
31 Dec 2010,mean quarter ended,free,67300
31 Mar 2011,mean quarter ended,free,67100
30 Jun 2011,mean quarter ended,free,66900
30 Sep 2011,mean quarter ended,free,66700
31 Dec 2011,mean quarter ended,free,66500
31 Mar 2012,mean quarter ended,free,66300
30 Jun 2012,mean quarter ended,free,66100
30 Sep 2012,mean quarter ended,free,65900
31 Dec 2012,mean quarter ended,free,65700
31 Mar 2013,mean quarter ended,free,65500
30 Jun 2013,mean quarter ended,free,65400
30 Sep 2013,mean quarter ended,free,65300
31 Dec 2013,mean quarter ended,free,65100
31 Mar 2014,mean quarter ended,free,65000
30 Jun 2014,mean quarter ended,free,64900
30 Sep 2014,mean quarter ended,free,64800
31 Dec 2014,mean quarter ended,free,64700
31 Mar 2015,mean quarter ended,free,64600
30 Jun 2015,mean quarter ended,free,64500
30 Sep 2015,mean quarter ended,free,64400
31 Dec 2015,mean quarter ended,free,64300
31 Mar 2016,mean quarter ended,free,64200
30 Jun 2016,mean quarter ended,free,64200
30 Sep 2016,mean quarter ended,free,64100
31 Dec 2016,mean quarter ended,free,64000
31 Mar 2017,mean quarter ended,free,63900
30 Jun 2017,mean quarter ended,free,63900
30 Sep 2017,mean quarter ended,free,63800
31 Dec 2017,mean quarter ended,free,63700
31 Mar 2018,mean quarter ended,free,63700
30 Jun 2018,mean quarter ended,free,63800
30 Sep 2018,mean quarter ended,free,64100
31 Dec 2018,mean quarter ended,free,64300
31 Mar 2019,mean quarter ended,free,64600
30 Jun 2019,mean quarter ended,free,64800
30 Sep 2019,mean quarter ended,free,65100
31 Dec 2019,mean quarter ended,free,65400
31 Mar 2020,mean quarter ended,free,65600
30 Jun 2020,mean quarter ended,free,65900
30 Sep 2020,mean quarter ended,free,66200
31 Dec 2020,mean quarter ended,free,66500
31 Mar 2021,mean quarter ended,free,66800
30 Jun 2021,mean quarter ended,free,67100
30 Sep 2021,mean quarter ended,free,67500
DATE,ESTIMATE_TYPE,TENURE,PRIVATE_DWELLING
DATE,ESTIMATE_TYPE,TENURE,PRIVATE_DWELLING
30 Sep 2021,mean quarter ended,free,67500
